<?xml version="1.0"?>
<doc>
    <assembly>
        <name>Autofac.Extensions.DependencyInjection</name>
    </assembly>
    <members>
        <member name="T:Autofac.Extensions.DependencyInjection.AnyKeyRegistrationSource">
            <summary>
            Handles fallback for an individual component registered with <see cref="P:Microsoft.Extensions.DependencyInjection.KeyedService.AnyKey"/>.
            </summary>
        </member>
        <member name="P:Autofac.Extensions.DependencyInjection.AnyKeyRegistrationSource.IsAdapterForIndividualComponents">
            <inheritdoc/>
        </member>
        <member name="M:Autofac.Extensions.DependencyInjection.AnyKeyRegistrationSource.RegistrationsFor(Autofac.Core.Service,System.Func{Autofac.Core.Service,System.Collections.Generic.IEnumerable{Autofac.Core.ServiceRegistration}})">
            <summary>
            Provides a registration for a keyed service that's registered with <see cref="P:Microsoft.Extensions.DependencyInjection.KeyedService.AnyKey"/>. Allows the registration to respond to any keyed service request, not just one with a specific key.
            </summary>
            <param name="service">The service that was requested.</param>
            <param name="registrationAccessor">A function that will return existing registrations for a service.</param>
            <returns>Registrations providing the service.</returns>
        </member>
        <member name="T:Autofac.Extensions.DependencyInjection.AutofacChildLifetimeScopeConfigurationAdapter">
            <summary>
            Configuration adapter for <see cref="T:Autofac.Extensions.DependencyInjection.AutofacChildLifetimeScopeServiceProviderFactory" />.
            </summary>
        </member>
        <member name="M:Autofac.Extensions.DependencyInjection.AutofacChildLifetimeScopeConfigurationAdapter.Add(System.Action{Autofac.ContainerBuilder})">
            <summary>
            Adds a configuration action that will be executed when the child <see cref="T:Autofac.ILifetimeScope"/> is created.
            </summary>
            <param name="configurationAction">Action on a <see cref="T:Autofac.ContainerBuilder"/> that adds component registrations to the container.</param>
            <exception cref="T:System.ArgumentNullException">Throws when the passed configuration-action is null.</exception>
        </member>
        <member name="P:Autofac.Extensions.DependencyInjection.AutofacChildLifetimeScopeConfigurationAdapter.ConfigurationActions">
            <summary>
            Gets the list of configuration actions to be executed on the <see cref="T:Autofac.ContainerBuilder"/> for the child <see cref="T:Autofac.ILifetimeScope"/>.
            </summary>
        </member>
        <member name="T:Autofac.Extensions.DependencyInjection.AutofacChildLifetimeScopeServiceProviderFactory">
            <summary>
            A factory for creating a <see cref="T:System.IServiceProvider"/> that wraps a child <see cref="T:Autofac.ILifetimeScope"/> created from an existing parent <see cref="T:Autofac.ILifetimeScope"/>.
            </summary>
        </member>
        <member name="M:Autofac.Extensions.DependencyInjection.AutofacChildLifetimeScopeServiceProviderFactory.#ctor(System.Func{Autofac.ILifetimeScope},System.Action{Autofac.ContainerBuilder})">
            <summary>
            Initializes a new instance of the <see cref="T:Autofac.Extensions.DependencyInjection.AutofacChildLifetimeScopeServiceProviderFactory"/> class.
            </summary>
            <param name="rootLifetimeScopeAccessor">A function to retrieve the root <see cref="T:Autofac.ILifetimeScope"/> instance.</param>
            <param name="configurationAction">Action on a <see cref="T:Autofac.ContainerBuilder"/> that adds component registrations to the container.</param>
        </member>
        <member name="M:Autofac.Extensions.DependencyInjection.AutofacChildLifetimeScopeServiceProviderFactory.#ctor(Autofac.ILifetimeScope,System.Action{Autofac.ContainerBuilder})">
            <summary>
            Initializes a new instance of the <see cref="T:Autofac.Extensions.DependencyInjection.AutofacChildLifetimeScopeServiceProviderFactory"/> class.
            </summary>
            <param name="rootLifetimeScope">The root <see cref="T:Autofac.ILifetimeScope"/> instance.</param>
            <param name="configurationAction">Action on a <see cref="T:Autofac.ContainerBuilder"/> that adds component registrations to the container.</param>
        </member>
        <member name="M:Autofac.Extensions.DependencyInjection.AutofacChildLifetimeScopeServiceProviderFactory.CreateBuilder(Microsoft.Extensions.DependencyInjection.IServiceCollection)">
            <summary>
            Creates a container builder from an <see cref="T:Microsoft.Extensions.DependencyInjection.IServiceCollection" />.
            </summary>
            <param name="services">The collection of services.</param>
            <returns>A container builder that can be used to create an <see cref="T:System.IServiceProvider" />.</returns>
        </member>
        <member name="M:Autofac.Extensions.DependencyInjection.AutofacChildLifetimeScopeServiceProviderFactory.CreateServiceProvider(Autofac.Extensions.DependencyInjection.AutofacChildLifetimeScopeConfigurationAdapter)">
            <summary>
            Creates an <see cref="T:System.IServiceProvider" /> from the container builder.
            </summary>
            <param name="containerBuilder">The adapter holding configuration applied to <see cref="T:Autofac.ContainerBuilder"/> creating the <see cref="T:System.IServiceProvider"/>.</param>
            <returns>An <see cref="T:System.IServiceProvider" />.</returns>
        </member>
        <member name="T:Autofac.Extensions.DependencyInjection.AutofacRegistration">
            <summary>
            Extension methods for registering ASP.NET Core dependencies with Autofac.
            </summary>
        </member>
        <member name="M:Autofac.Extensions.DependencyInjection.AutofacRegistration.Populate(Autofac.ContainerBuilder,System.Collections.Generic.IEnumerable{Microsoft.Extensions.DependencyInjection.ServiceDescriptor})">
            <summary>
            Populates the Autofac container builder with the set of registered service descriptors
            and makes <see cref="T:System.IServiceProvider"/> and <see cref="T:Microsoft.Extensions.DependencyInjection.IServiceScopeFactory"/>
            available in the container.
            </summary>
            <param name="builder">
            The <see cref="T:Autofac.ContainerBuilder"/> into which the registrations should be made.
            </param>
            <param name="descriptors">
            The set of service descriptors to register in the container.
            </param>
        </member>
        <member name="M:Autofac.Extensions.DependencyInjection.AutofacRegistration.Populate(Autofac.ContainerBuilder,System.Collections.Generic.IEnumerable{Microsoft.Extensions.DependencyInjection.ServiceDescriptor},System.Object)">
            <summary>
            Populates the Autofac container builder with the set of registered service descriptors
            and makes <see cref="T:System.IServiceProvider"/> and <see cref="T:Microsoft.Extensions.DependencyInjection.IServiceScopeFactory"/>
            available in the container. Using this overload is incompatible with the ASP.NET Core
            support for <see cref="T:Microsoft.Extensions.DependencyInjection.IServiceProviderFactory`1"/>.
            </summary>
            <param name="builder">
            The <see cref="T:Autofac.ContainerBuilder"/> into which the registrations should be made.
            </param>
            <param name="descriptors">
            The set of service descriptors to register in the container.
            </param>
            <param name="lifetimeScopeTagForSingletons">
            If provided and not <see langword="null"/> then all registrations with lifetime <see cref="F:Microsoft.Extensions.DependencyInjection.ServiceLifetime.Singleton" /> are registered
            using <see cref="M:Autofac.Builder.IRegistrationBuilder`3.InstancePerMatchingLifetimeScope(System.Object[])" />
            with provided <paramref name="lifetimeScopeTagForSingletons"/>
            instead of using <see cref="M:Autofac.Builder.IRegistrationBuilder`3.SingleInstance"/>.
            </param>
            <remarks>
            <para>
            Specifying a <paramref name="lifetimeScopeTagForSingletons"/> addresses a specific case where you have
            an application that uses Autofac but where you need to isolate a set of services in a child scope. For example,
            if you have a large application that self-hosts ASP.NET Core items, you may want to isolate the ASP.NET
            Core registrations in a child lifetime scope so they don't show up for the rest of the application.
            This overload allows that. Note it is the developer's responsibility to execute this and create an
            <see cref="T:Autofac.Extensions.DependencyInjection.AutofacServiceProvider"/> using the child lifetime scope.
            </para>
            </remarks>
        </member>
        <member name="M:Autofac.Extensions.DependencyInjection.AutofacRegistration.ConfigureServiceType``2(Autofac.Builder.IRegistrationBuilder{System.Object,``0,``1},Microsoft.Extensions.DependencyInjection.ServiceDescriptor)">
            <summary>
            Configures the exposed service type on a service registration.
            </summary>
            <typeparam name="TActivatorData">The activator data type.</typeparam>
            <typeparam name="TRegistrationStyle">The object registration style.</typeparam>
            <param name="registrationBuilder">The registration being built.</param>
            <param name="descriptor">The service descriptor with service type and key information.</param>
            <returns>
            The <paramref name="registrationBuilder" />, configured with the proper service type,
            and available for additional configuration.
            </returns>
        </member>
        <member name="M:Autofac.Extensions.DependencyInjection.AutofacRegistration.ConfigureLifecycle``2(Autofac.Builder.IRegistrationBuilder{System.Object,``0,``1},Microsoft.Extensions.DependencyInjection.ServiceLifetime,System.Object)">
            <summary>
            Configures the lifecycle on a service registration.
            </summary>
            <typeparam name="TActivatorData">The activator data type.</typeparam>
            <typeparam name="TRegistrationStyle">The object registration style.</typeparam>
            <param name="registrationBuilder">The registration being built.</param>
            <param name="lifecycleKind">The lifecycle specified on the service registration.</param>
            <param name="lifetimeScopeTagForSingleton">
            If not <see langword="null"/> then all registrations with lifetime <see cref="F:Microsoft.Extensions.DependencyInjection.ServiceLifetime.Singleton" /> are registered
            using <see cref="M:Autofac.Builder.IRegistrationBuilder`3.InstancePerMatchingLifetimeScope(System.Object[])" />
            with provided <paramref name="lifetimeScopeTagForSingleton"/>
            instead of using <see cref="M:Autofac.Builder.IRegistrationBuilder`3.SingleInstance"/>.
            </param>
            <returns>
            The <paramref name="registrationBuilder" />, configured with the proper lifetime scope,
            and available for additional configuration.
            </returns>
        </member>
        <member name="M:Autofac.Extensions.DependencyInjection.AutofacRegistration.Register(Autofac.ContainerBuilder,System.Collections.Generic.IEnumerable{Microsoft.Extensions.DependencyInjection.ServiceDescriptor},System.Object)">
            <summary>
            Populates the Autofac container builder with the set of registered service descriptors.
            </summary>
            <param name="builder">
            The <see cref="T:Autofac.ContainerBuilder"/> into which the registrations should be made.
            </param>
            <param name="descriptors">
            The set of service descriptors to register in the container.
            </param>
            <param name="lifetimeScopeTagForSingletons">
            If not <see langword="null"/> then all registrations with lifetime <see cref="F:Microsoft.Extensions.DependencyInjection.ServiceLifetime.Singleton" /> are registered
            using <see cref="M:Autofac.Builder.IRegistrationBuilder`3.InstancePerMatchingLifetimeScope(System.Object[])" />
            with provided <paramref name="lifetimeScopeTagForSingletons"/>
            instead of using <see cref="M:Autofac.Builder.IRegistrationBuilder`3.SingleInstance"/>.
            </param>
        </member>
        <member name="T:Autofac.Extensions.DependencyInjection.AutofacServiceProvider">
            <summary>
            Autofac implementation of the ASP.NET Core <see cref="T:System.IServiceProvider"/>.
            </summary>
            <seealso cref="T:System.IServiceProvider" />
            <seealso cref="T:Microsoft.Extensions.DependencyInjection.ISupportRequiredService" />
        </member>
        <member name="M:Autofac.Extensions.DependencyInjection.AutofacServiceProvider.#ctor(Autofac.ILifetimeScope)">
            <summary>
            Initializes a new instance of the <see cref="T:Autofac.Extensions.DependencyInjection.AutofacServiceProvider"/> class.
            </summary>
            <param name="lifetimeScope">
            The lifetime scope from which services will be resolved.
            </param>
        </member>
        <member name="M:Autofac.Extensions.DependencyInjection.AutofacServiceProvider.GetKeyedService(System.Type,System.Object)">
            <summary>
            Gets the service object of the specified type.
            </summary>
            <param name="serviceType">
            An object that specifies the type of service object to get.
            </param>
            <param name="serviceKey">
            An object that specifies the key of service object to get.
            </param>
            <returns>
            A service object of type <paramref name="serviceType" />; or <see langword="null" />
            if there is no service object of type <paramref name="serviceType" />.
            </returns>
        </member>
        <member name="M:Autofac.Extensions.DependencyInjection.AutofacServiceProvider.GetRequiredKeyedService(System.Type,System.Object)">
            <summary>
            Gets service of type <paramref name="serviceType" /> from the
            <see cref="T:Autofac.Extensions.DependencyInjection.AutofacServiceProvider" /> and requires it be present.
            </summary>
            <param name="serviceType">
            An object that specifies the type of service object to get.
            </param>
            <param name="serviceKey">
            An object that specifies the key of service object to get.
            </param>
            <returns>
            A service object of type <paramref name="serviceType" />.
            </returns>
            <exception cref="T:Autofac.Core.Registration.ComponentNotRegisteredException">
            Thrown if the <paramref name="serviceType" /> isn't registered with the container.
            </exception>
            <exception cref="T:Autofac.Core.DependencyResolutionException">
            Thrown if the object can't be resolved from the container.
            </exception>
        </member>
        <member name="M:Autofac.Extensions.DependencyInjection.AutofacServiceProvider.GetRequiredService(System.Type)">
            <summary>
            Gets service of type <paramref name="serviceType" /> from the
            <see cref="T:Autofac.Extensions.DependencyInjection.AutofacServiceProvider" /> and requires it be present.
            </summary>
            <param name="serviceType">
            An object that specifies the type of service object to get.
            </param>
            <returns>
            A service object of type <paramref name="serviceType" />.
            </returns>
            <exception cref="T:Autofac.Core.Registration.ComponentNotRegisteredException">
            Thrown if the <paramref name="serviceType" /> isn't registered with the container.
            </exception>
            <exception cref="T:Autofac.Core.DependencyResolutionException">
            Thrown if the object can't be resolved from the container.
            </exception>
        </member>
        <member name="M:Autofac.Extensions.DependencyInjection.AutofacServiceProvider.IsKeyedService(System.Type,System.Object)">
            <inheritdoc />
        </member>
        <member name="M:Autofac.Extensions.DependencyInjection.AutofacServiceProvider.IsService(System.Type)">
            <inheritdoc />
        </member>
        <member name="M:Autofac.Extensions.DependencyInjection.AutofacServiceProvider.GetService(System.Type)">
            <summary>
            Gets the service object of the specified type.
            </summary>
            <param name="serviceType">
            An object that specifies the type of service object to get.
            </param>
            <returns>
            A service object of type <paramref name="serviceType" />; or <see langword="null" />
            if there is no service object of type <paramref name="serviceType" />.
            </returns>
        </member>
        <member name="P:Autofac.Extensions.DependencyInjection.AutofacServiceProvider.LifetimeScope">
            <summary>
            Gets the underlying instance of <see cref="T:Autofac.ILifetimeScope" />.
            </summary>
        </member>
        <member name="M:Autofac.Extensions.DependencyInjection.AutofacServiceProvider.Dispose(System.Boolean)">
            <summary>
            Releases unmanaged and - optionally - managed resources.
            </summary>
            <param name="disposing">
            <see langword="true" /> to release both managed and unmanaged resources;
            <see langword="false" /> to release only unmanaged resources.
            </param>
        </member>
        <member name="M:Autofac.Extensions.DependencyInjection.AutofacServiceProvider.Dispose">
            <summary>
            Performs application-defined tasks associated with freeing, releasing, or resetting unmanaged resources.
            </summary>
        </member>
        <member name="M:Autofac.Extensions.DependencyInjection.AutofacServiceProvider.DisposeAsync">
            <summary>
            Performs a dispose operation asynchronously.
            </summary>
        </member>
        <member name="T:Autofac.Extensions.DependencyInjection.AutofacServiceProviderFactory">
            <summary>
            A factory for creating a <see cref="T:Autofac.ContainerBuilder"/> and an <see cref="T:System.IServiceProvider" />.
            </summary>
        </member>
        <member name="M:Autofac.Extensions.DependencyInjection.AutofacServiceProviderFactory.#ctor(Autofac.Builder.ContainerBuildOptions,System.Action{Autofac.ContainerBuilder})">
            <summary>
            Initializes a new instance of the <see cref="T:Autofac.Extensions.DependencyInjection.AutofacServiceProviderFactory"/> class.
            </summary>
            <param name="containerBuildOptions">The container options to use when building the container.</param>
            <param name="configurationAction">Action on a <see cref="T:Autofac.ContainerBuilder"/> that adds component registrations to the container.</param>
        </member>
        <member name="M:Autofac.Extensions.DependencyInjection.AutofacServiceProviderFactory.#ctor(System.Action{Autofac.ContainerBuilder})">
            <summary>
            Initializes a new instance of the <see cref="T:Autofac.Extensions.DependencyInjection.AutofacServiceProviderFactory"/> class.
            </summary>
            <param name="configurationAction">Action on a <see cref="T:Autofac.ContainerBuilder"/> that adds component registrations to the container..</param>
        </member>
        <member name="M:Autofac.Extensions.DependencyInjection.AutofacServiceProviderFactory.CreateBuilder(Microsoft.Extensions.DependencyInjection.IServiceCollection)">
            <summary>
            Creates a container builder from an <see cref="T:Microsoft.Extensions.DependencyInjection.IServiceCollection" />.
            </summary>
            <param name="services">The collection of services.</param>
            <returns>A container builder that can be used to create an <see cref="T:System.IServiceProvider" />.</returns>
        </member>
        <member name="M:Autofac.Extensions.DependencyInjection.AutofacServiceProviderFactory.CreateServiceProvider(Autofac.ContainerBuilder)">
            <summary>
            Creates an <see cref="T:System.IServiceProvider" /> from the container builder.
            </summary>
            <param name="containerBuilder">The container builder.</param>
            <returns>An <see cref="T:System.IServiceProvider" />.</returns>
        </member>
        <member name="T:Autofac.Extensions.DependencyInjection.AutofacServiceScope">
            <summary>
            Autofac implementation of the ASP.NET Core <see cref="T:Microsoft.Extensions.DependencyInjection.IServiceScope"/>.
            </summary>
            <seealso cref="T:Microsoft.Extensions.DependencyInjection.IServiceScope" />
        </member>
        <member name="M:Autofac.Extensions.DependencyInjection.AutofacServiceScope.#ctor(Autofac.ILifetimeScope)">
            <summary>
            Initializes a new instance of the <see cref="T:Autofac.Extensions.DependencyInjection.AutofacServiceScope"/> class.
            </summary>
            <param name="lifetimeScope">
            The lifetime scope from which services should be resolved for this service scope.
            </param>
        </member>
        <member name="P:Autofac.Extensions.DependencyInjection.AutofacServiceScope.ServiceProvider">
            <summary>
            Gets an <see cref="T:System.IServiceProvider" /> corresponding to this service scope.
            </summary>
            <value>
            An <see cref="T:System.IServiceProvider" /> that can be used to resolve dependencies from the scope.
            </value>
        </member>
        <member name="M:Autofac.Extensions.DependencyInjection.AutofacServiceScope.Dispose">
            <summary>
            Disposes of the lifetime scope and resolved disposable services.
            </summary>
        </member>
        <member name="M:Autofac.Extensions.DependencyInjection.AutofacServiceScope.Dispose(System.Boolean)">
            <summary>
            Releases unmanaged and - optionally - managed resources.
            </summary>
            <param name="disposing">
            <see langword="true" /> to release both managed and unmanaged resources; <see langword="false" /> to release only unmanaged resources.
            </param>
        </member>
        <member name="M:Autofac.Extensions.DependencyInjection.AutofacServiceScope.DisposeAsync">
            <inheritdoc/>
        </member>
        <member name="T:Autofac.Extensions.DependencyInjection.AutofacServiceScopeFactory">
            <summary>
            Autofac implementation of the ASP.NET Core <see cref="T:Microsoft.Extensions.DependencyInjection.IServiceScopeFactory"/>.
            </summary>
            <seealso cref="T:Microsoft.Extensions.DependencyInjection.IServiceScopeFactory" />
        </member>
        <member name="M:Autofac.Extensions.DependencyInjection.AutofacServiceScopeFactory.#ctor(Autofac.ILifetimeScope)">
            <summary>
            Initializes a new instance of the <see cref="T:Autofac.Extensions.DependencyInjection.AutofacServiceScopeFactory"/> class.
            </summary>
            <param name="lifetimeScope">The lifetime scope.</param>
        </member>
        <member name="M:Autofac.Extensions.DependencyInjection.AutofacServiceScopeFactory.CreateScope">
            <summary>
            Creates an <see cref="T:Microsoft.Extensions.DependencyInjection.IServiceScope" /> which contains an
            <see cref="T:System.IServiceProvider" /> used to resolve dependencies within
            the scope.
            </summary>
            <returns>
            An <see cref="T:Microsoft.Extensions.DependencyInjection.IServiceScope" /> controlling the lifetime of the scope. Once
            this is disposed, any scoped services that have been resolved
            from the <see cref="P:Microsoft.Extensions.DependencyInjection.IServiceScope.ServiceProvider" />
            will also be disposed.
            </returns>
        </member>
        <member name="T:Autofac.Extensions.DependencyInjection.FromKeyedServicesAttributeExtensions">
            <summary>
            Extensions for working with <see cref="T:Microsoft.Extensions.DependencyInjection.FromKeyedServicesAttribute"/>.
            </summary>
        </member>
        <member name="M:Autofac.Extensions.DependencyInjection.FromKeyedServicesAttributeExtensions.ResolveParameter(Microsoft.Extensions.DependencyInjection.FromKeyedServicesAttribute,System.Reflection.ParameterInfo,Autofac.IComponentContext)">
            <summary>
            Resolves a constructor parameter based on keyed service requirements.
            </summary>
            <param name="attribute">The attribute marking the keyed service dependency in a constructor.</param>
            <param name="parameter">The specific parameter being resolved that is marked with this attribute.</param>
            <param name="context">The component context under which the parameter is being resolved.</param>
            <returns>
            The instance of the object that should be used for the parameter value.
            </returns>
            <exception cref="T:System.ArgumentNullException">
            Thrown if <paramref name="parameter" /> or <paramref name="context" /> is <see langword="null" />.
            </exception>
        </member>
        <member name="M:Autofac.Extensions.DependencyInjection.FromKeyedServicesAttributeExtensions.CanResolveParameter(Microsoft.Extensions.DependencyInjection.FromKeyedServicesAttribute,System.Reflection.ParameterInfo,Autofac.IComponentContext)">
            <summary>
            Checks a constructor parameter can be resolved based on keyed service requirements.
            </summary>
            <param name="attribute">The attribute marking the keyed service dependency in a constructor.</param>
            <param name="parameter">The specific parameter being resolved that is marked with this attribute.</param>
            <param name="context">The component context under which the parameter is being resolved.</param>
            <returns>true if parameter can be resolved; otherwise, false.</returns>
        </member>
        <member name="T:Autofac.Extensions.DependencyInjection.KeyedServiceMiddleware">
            <summary>
            Middleware that supports keyed service compatibility.
            </summary>
        </member>
        <member name="P:Autofac.Extensions.DependencyInjection.KeyedServiceMiddleware.Phase">
            <inheritdoc />
        </member>
        <member name="M:Autofac.Extensions.DependencyInjection.KeyedServiceMiddleware.Execute(Autofac.Core.Resolving.Pipeline.ResolveRequestContext,System.Action{Autofac.Core.Resolving.Pipeline.ResolveRequestContext})">
            <inheritdoc />
        </member>
        <member name="T:Autofac.Extensions.DependencyInjection.KeyedServiceMiddlewareSource">
            <summary>
            Middleware source that injects Microsoft attribute support and shims into lookups for Microsoft keyed service compatibility.
            </summary>
        </member>
        <member name="M:Autofac.Extensions.DependencyInjection.KeyedServiceMiddlewareSource.ProvideMiddleware(Autofac.Core.Service,Autofac.Core.IComponentRegistryServices,Autofac.Core.Resolving.Pipeline.IResolvePipelineBuilder)">
            <inheritdoc/>
        </member>
        <member name="T:Autofac.Extensions.DependencyInjection.KeyTypeConversionException">
            <summary>
            Exception indicating that type conversion failed when trying to inject a key
            using the
            <see cref="T:Microsoft.Extensions.DependencyInjection.ServiceKeyAttribute"/>.
            </summary>
        </member>
        <member name="M:Autofac.Extensions.DependencyInjection.KeyTypeConversionException.#ctor(System.Type,System.Type)">
            <summary>
            Initializes a new instance of the <see cref="T:Autofac.Extensions.DependencyInjection.KeyTypeConversionException" /> class.
            </summary>
            <param name="resolutionKeyType">
            The type of the key specified during service resolution. This is what
            would be injected into the constructor and needs to be converted.
            </param>
            <param name="attributeKeyType">
            The type of parameter marked with the
            <see cref="T:Microsoft.Extensions.DependencyInjection.ServiceKeyAttribute"/>.
            This is what the key was trying to be converted to.
            </param>
        </member>
        <member name="M:Autofac.Extensions.DependencyInjection.KeyTypeConversionException.#ctor(System.Type,System.Type,System.String)">
            <summary>
            Initializes a new instance of the <see cref="T:Autofac.Extensions.DependencyInjection.KeyTypeConversionException" /> class.
            </summary>
            <param name="resolutionKeyType">
            The type of the key specified during service resolution. This is what
            would be injected into the constructor and needs to be converted.
            </param>
            <param name="attributeKeyType">
            The type of parameter marked with the
            <see cref="T:Microsoft.Extensions.DependencyInjection.ServiceKeyAttribute"/>.
            This is what the key was trying to be converted to.
            </param>
            <param name="message">
            A specific message for the exception to override the default.
            </param>
        </member>
        <member name="M:Autofac.Extensions.DependencyInjection.KeyTypeConversionException.#ctor(System.Type,System.Type,System.Exception)">
            <summary>
            Initializes a new instance of the <see cref="T:Autofac.Extensions.DependencyInjection.KeyTypeConversionException"/> class.
            </summary>
            <param name="resolutionKeyType">
            The type of the key specified during service resolution. This is what
            would be injected into the constructor and needs to be converted.
            </param>
            <param name="attributeKeyType">
            The type of parameter marked with the
            <see cref="T:Microsoft.Extensions.DependencyInjection.ServiceKeyAttribute"/>.
            This is what the key was trying to be converted to.
            </param>
            <param name="innerException">The inner exception.</param>
        </member>
        <member name="M:Autofac.Extensions.DependencyInjection.KeyTypeConversionException.#ctor(System.Type,System.Type,System.String,System.Exception)">
            <summary>
            Initializes a new instance of the <see cref="T:Autofac.Extensions.DependencyInjection.KeyTypeConversionException"/> class.
            </summary>
            <param name="resolutionKeyType">
            The type of the key specified during service resolution. This is what
            would be injected into the constructor and needs to be converted.
            </param>
            <param name="attributeKeyType">
            The type of parameter marked with the
            <see cref="T:Microsoft.Extensions.DependencyInjection.ServiceKeyAttribute"/>.
            This is what the key was trying to be converted to.
            </param>
            <param name="message">
            A specific message for the exception to override the default.
            </param>
            <param name="innerException">The inner exception.</param>
        </member>
        <member name="P:Autofac.Extensions.DependencyInjection.KeyTypeConversionException.AttributeKeyType">
            <summary>
            Gets the type of the parameter marked with the <see cref="T:Microsoft.Extensions.DependencyInjection.ServiceKeyAttribute"/>.
            </summary>
            <value>
            The <see cref="T:System.Type"/> of parameter marked with the
            <see cref="T:Microsoft.Extensions.DependencyInjection.ServiceKeyAttribute"/>,
            which is the destination where the key should be injected. This should
            be compatible with the key provided during resolution.
            </value>
        </member>
        <member name="P:Autofac.Extensions.DependencyInjection.KeyTypeConversionException.ResolutionKeyType">
            <summary>
            Gets the type of the key specified during service resolution.
            </summary>
            <value>
            The <see cref="T:System.Type"/> of key passed to the keyed service resolve
            operation. This is what would be injected as a constructor parameter to
            the service being resolved.
            </value>
        </member>
        <member name="T:Autofac.Extensions.DependencyInjection.KeyTypeManipulation">
            <summary>
            Utilities for converting keyed service key values into compatible types for
            injection using the <see cref="T:Microsoft.Extensions.DependencyInjection.ServiceKeyAttribute"/>.
            This logic originally came from Autofac.Configuration but there isn't a good
            "shared dependency" location for things like this other than core Autofac.
            </summary>
        </member>
        <member name="M:Autofac.Extensions.DependencyInjection.KeyTypeManipulation.ChangeToCompatibleType(System.Object,System.Type,System.Reflection.ParameterInfo)">
            <summary>
            Converts an object to a type compatible with a given parameter.
            </summary>
            <param name="value">The object value to convert.</param>
            <param name="destinationType">The destination <see cref="T:System.Type"/> to which <paramref name="value"/> should be converted.</param>
            <param name="memberInfo">The parameter for which the <paramref name="value"/> is being converted.</param>
            <returns>
            An <see cref="T:System.Object"/> of type <paramref name="destinationType"/>, converted using
            type converters specified on <paramref name="memberInfo"/> if available. If <paramref name="value"/>
            is <see langword="null"/> then the output will be <see langword="null"/> for reference
            types and the default value for value types.
            </returns>
            <exception cref="T:System.InvalidOperationException">
            Thrown if conversion of the value fails.
            </exception>
        </member>
        <member name="M:Autofac.Extensions.DependencyInjection.KeyTypeManipulation.ChangeToCompatibleType(System.Object,System.Type,System.Reflection.MemberInfo)">
            <summary>
            Converts an object to a type compatible with a given parameter.
            </summary>
            <param name="value">The object value to convert.</param>
            <param name="destinationType">The destination <see cref="T:System.Type"/> to which <paramref name="value"/> should be converted.</param>
            <param name="memberInfo">The parameter for which the <paramref name="value"/> is being converted.</param>
            <returns>
            An <see cref="T:System.Object"/> of type <paramref name="destinationType"/>, converted using
            type converters specified on <paramref name="memberInfo"/> if available. If <paramref name="value"/>
            is <see langword="null"/> then the output will be <see langword="null"/> for reference
            types and the default value for value types.
            </returns>
            <exception cref="T:System.InvalidOperationException">
            Thrown if conversion of the value fails.
            </exception>
        </member>
        <member name="M:Autofac.Extensions.DependencyInjection.KeyTypeManipulation.ChangeToCompatibleType(System.Object,System.Type,System.ComponentModel.TypeConverterAttribute)">
            <summary>
            Converts an object to a type compatible with a given parameter.
            </summary>
            <param name="value">The object value to convert.</param>
            <param name="destinationType">The destination <see cref="T:System.Type"/> to which <paramref name="value"/> should be converted.</param>
            <param name="converterAttribute">A <see cref="T:System.ComponentModel.TypeConverterAttribute"/>, if available, specifying the type of converter to use.<paramref name="value"/> is being converted.</param>
            <returns>
            An <see cref="T:System.Object"/> of type <paramref name="destinationType"/>, converted using
            any type converters specified in <paramref name="converterAttribute"/> if available. If <paramref name="value"/>
            is <see langword="null"/> then the output will be <see langword="null"/> for reference
            types and the default value for value types.
            </returns>
            <exception cref="T:System.InvalidOperationException">
            Thrown if conversion of the value fails.
            </exception>
        </member>
        <member name="M:Autofac.Extensions.DependencyInjection.KeyTypeManipulation.GetTypeConverterFromName(System.String)">
            <summary>
            Instantiates a type converter from its type name.
            </summary>
            <param name="converterTypeName">
            The name of the <see cref="T:System.Type"/> of the <see cref="T:System.ComponentModel.TypeConverter"/>.
            </param>
            <returns>
            The instantiated <see cref="T:System.ComponentModel.TypeConverter"/>.
            </returns>
            <exception cref="T:System.InvalidOperationException">
            Thrown if <paramref name="converterTypeName"/> does not correspond
            to a <see cref="T:System.ComponentModel.TypeConverter"/>.
            </exception>
        </member>
        <member name="T:Autofac.Extensions.DependencyInjection.ServiceCollectionExtensions">
            <summary>
            Extension methods on <see cref="T:Microsoft.Extensions.DependencyInjection.IServiceCollection"/> to register the <see cref="T:Microsoft.Extensions.DependencyInjection.IServiceProviderFactory`1"/>.
            </summary>
        </member>
        <member name="M:Autofac.Extensions.DependencyInjection.ServiceCollectionExtensions.AddAutofac(Microsoft.Extensions.DependencyInjection.IServiceCollection,System.Action{Autofac.ContainerBuilder})">
            <summary>
            Adds the <see cref="T:Autofac.Extensions.DependencyInjection.AutofacServiceProviderFactory"/> to the service collection. ONLY FOR PRE-ASP.NET 3.0 HOSTING. THIS WON'T WORK
            FOR ASP.NET CORE 3.0+ OR GENERIC HOSTING.
            </summary>
            <param name="services">The service collection to add the factory to.</param>
            <param name="configurationAction">Action on a <see cref="T:Autofac.ContainerBuilder"/> that adds component registrations to the container.</param>
            <returns>The service collection.</returns>
        </member>
        <member name="T:Autofac.Extensions.DependencyInjection.ServiceDescriptorExtensions">
            <summary>
            Extensions for working with <see cref="T:Microsoft.Extensions.DependencyInjection.ServiceDescriptor"/>.
            </summary>
        </member>
        <member name="M:Autofac.Extensions.DependencyInjection.ServiceDescriptorExtensions.NormalizedImplementationInstance(Microsoft.Extensions.DependencyInjection.ServiceDescriptor)">
            <summary>
            Normalizes the implementation instance data between keyed and not keyed services.
            </summary>
            <param name="descriptor">
            The <see cref="T:Microsoft.Extensions.DependencyInjection.ServiceDescriptor"/> to normalize.
            </param>
            <returns>
            The appropriate implementation instance from the service descriptor.
            </returns>
        </member>
        <member name="M:Autofac.Extensions.DependencyInjection.ServiceDescriptorExtensions.NormalizedImplementationType(Microsoft.Extensions.DependencyInjection.ServiceDescriptor)">
            <summary>
            Normalizes the implementation type data between keyed and not keyed services.
            </summary>
            <param name="descriptor">
            The <see cref="T:Microsoft.Extensions.DependencyInjection.ServiceDescriptor"/> to normalize.
            </param>
            <returns>
            The appropriate implementation type from the service descriptor.
            </returns>
        </member>
        <member name="T:Autofac.Extensions.DependencyInjection.ServiceProviderExtensions">
            <summary>
            Extension methods for use with the <see cref="T:Autofac.Extensions.DependencyInjection.AutofacServiceProvider"/>.
            </summary>
        </member>
        <member name="M:Autofac.Extensions.DependencyInjection.ServiceProviderExtensions.GetAutofacRoot(System.IServiceProvider)">
            <summary>
            Tries to cast the instance of <see cref="T:Autofac.ILifetimeScope"/> from <see cref="T:Autofac.Extensions.DependencyInjection.AutofacServiceProvider"/> when possible.
            </summary>
            <param name="serviceProvider">The instance of <see cref="T:System.IServiceProvider"/>.</param>
            <exception cref="T:System.InvalidOperationException">Throws an <see cref="T:System.InvalidOperationException"/> when instance of <see cref="T:System.IServiceProvider"/> can't be assigned to <see cref="T:Autofac.Extensions.DependencyInjection.AutofacServiceProvider"/>.</exception>
            <returns>Returns the instance of <see cref="T:Autofac.ILifetimeScope"/> exposed by <see cref="T:Autofac.Extensions.DependencyInjection.AutofacServiceProvider"/>.</returns>
        </member>
        <member name="T:Autofac.Extensions.DependencyInjection.KeyTypeConversionExceptionResources">
            <summary>
              A strongly-typed resource class, for looking up localized strings, etc.
              This class was generated by MSBuild using the GenerateResource task.
              To add or remove a member, edit your .resx file then rerun MSBuild.
            </summary>
        </member>
        <member name="P:Autofac.Extensions.DependencyInjection.KeyTypeConversionExceptionResources.ResourceManager">
            <summary>
              Returns the cached ResourceManager instance used by this class.
            </summary>
        </member>
        <member name="P:Autofac.Extensions.DependencyInjection.KeyTypeConversionExceptionResources.Culture">
            <summary>
              Overrides the current thread's CurrentUICulture property for all
              resource lookups using this strongly typed resource class.
            </summary>
        </member>
        <member name="P:Autofac.Extensions.DependencyInjection.KeyTypeConversionExceptionResources.Message">
            <summary>
              Looks up a localized string similar to Unable to convert key of type &apos;{0}&apos; to type &apos;{1}&apos; for parameter injection..
            </summary>
        </member>
        <member name="T:Autofac.Extensions.DependencyInjection.KeyTypeManipulationResources">
            <summary>
              A strongly-typed resource class, for looking up localized strings, etc.
              This class was generated by MSBuild using the GenerateResource task.
              To add or remove a member, edit your .resx file then rerun MSBuild.
            </summary>
        </member>
        <member name="P:Autofac.Extensions.DependencyInjection.KeyTypeManipulationResources.ResourceManager">
            <summary>
              Returns the cached ResourceManager instance used by this class.
            </summary>
        </member>
        <member name="P:Autofac.Extensions.DependencyInjection.KeyTypeManipulationResources.Culture">
            <summary>
              Overrides the current thread's CurrentUICulture property for all
              resource lookups using this strongly typed resource class.
            </summary>
        </member>
        <member name="P:Autofac.Extensions.DependencyInjection.KeyTypeManipulationResources.TypeConversionUnsupported">
            <summary>
              Looks up a localized string similar to Unable to convert object of type &apos;{0}&apos; to type &apos;{1}&apos;..
            </summary>
        </member>
        <member name="P:Autofac.Extensions.DependencyInjection.KeyTypeManipulationResources.TypeConverterAttributeTypeNotConverter">
            <summary>
              Looks up a localized string similar to The type &apos;{0}&apos; specified in the TypeConverterAttribute is not a TypeConverter..
            </summary>
        </member>
        <member name="T:Autofac.Extensions.DependencyInjection.ServiceProviderExtensionsResources">
            <summary>
              A strongly-typed resource class, for looking up localized strings, etc.
              This class was generated by MSBuild using the GenerateResource task.
              To add or remove a member, edit your .resx file then rerun MSBuild.
            </summary>
        </member>
        <member name="P:Autofac.Extensions.DependencyInjection.ServiceProviderExtensionsResources.ResourceManager">
            <summary>
              Returns the cached ResourceManager instance used by this class.
            </summary>
        </member>
        <member name="P:Autofac.Extensions.DependencyInjection.ServiceProviderExtensionsResources.Culture">
            <summary>
              Overrides the current thread's CurrentUICulture property for all
              resource lookups using this strongly typed resource class.
            </summary>
        </member>
        <member name="P:Autofac.Extensions.DependencyInjection.ServiceProviderExtensionsResources.WrongProviderType">
            <summary>
              Looks up a localized string similar to Unable to retrieve Autofac root lifetime scope from service provider of type {0}..
            </summary>
        </member>
    </members>
</doc>
